std_mean_nA,std_median_nA,std_max_nA
0.6646151063169761,0.14331874666002364,11.827374404907937
