n,DeltaU1_V,U1_min_V,IA_min_nA
1,,24.1,3.52
2,4.739999999999998,28.84,4.93
3,5.050000000000001,33.89,7.1
4,10.060000000000002,43.95,14.93
